D,0,11/25/2020,08:00:01,3.564,21,74,-1
D,1,11/25/2020,17:00:01,3.537,13,30071,-1
D,2,11/25/2020,18:00:01,3.530,12,45326720,23.51
D,3,11/25/2020,19:00:01,3.523,11,76541200,1
D,4,11/25/2020,20:00:01,3.516,10,76356464,1
D,5,11/25/2020,21:00:01,3.511,10,270082944,1
D,6,11/25/2020,22:00:01,3.507,10,588547,18.30
D,7,11/25/2020,23:00:02,3.507,10,302727968,1
D,8,11/26/2020,00:00:02,3.504,10,352952096,1
D,9,11/26/2020,01:00:02,3.506,9,381223840,1
D,10,11/26/2020,02:00:02,3.504,9,374053856,1
D,11,11/26/2020,03:00:02,3.504,9,395018176,1
D,12,11/26/2020,04:00:02,3.501,8,445053216,1
D,13,11/26/2020,05:00:02,3.498,8,327928064,1
D,14,11/26/2020,06:00:02,3.496,8,343969184,1
D,15,11/26/2020,07:00:01,3.493,8,174746896,1
D,16,11/26/2020,08:00:01,3.490,7,38663,15.34
D,17,11/26/2020,17:00:01,3.494,9,34367,-1
D,18,11/26/2020,18:00:01,3.492,8,64972152,1
D,19,11/26/2020,19:00:01,3.488,8,252357776,1
D,20,11/26/2020,20:00:01,3.488,8,244616448,1
D,21,11/26/2020,21:00:01,3.488,7,242120496,1
D,22,11/26/2020,22:00:01,3.486,7,250295712,1
D,23,11/26/2020,23:00:01,3.484,7,272338304,1
D,24,11/27/2020,00:00:02,3.484,7,332082272,1
D,25,11/27/2020,01:00:02,3.484,6,357535808,1
D,26,11/27/2020,02:00:02,3.476,7,400499776,1
D,27,11/27/2020,03:00:02,3.481,7,475215168,1
D,28,11/27/2020,04:00:02,3.480,7,497408128,1
D,29,11/27/2020,05:00:02,3.478,6,505853920,1
D,30,11/27/2020,06:00:02,3.476,6,380141152,1
D,31,11/27/2020,07:00:01,3.470,6,131022576,1
D,32,11/27/2020,08:00:01,3.462,4,34367,-1
D,33,11/27/2020,17:00:01,3.545,20,64439,15.88
D,34,11/27/2020,18:00:01,3.545,20,64439,15.88
D,35,11/27/2020,19:00:01,3.546,20,64439,15.88
D,36,11/27/2020,20:00:01,3.547,20,64439,15.88
D,37,11/27/2020,21:00:01,3.546,20,64439,15.88
D,38,11/27/2020,22:00:01,3.544,20,51551,15.64
D,39,11/27/2020,23:00:01,3.544,20,60143,15.81
D,40,11/28/2020,00:00:01,3.545,20,30071,-1
D,41,11/28/2020,01:00:01,3.543,20,64439,15.88
D,42,11/28/2020,02:00:01,3.543,20,30071,-1
D,43,11/28/2020,03:00:01,3.543,20,64439,15.88
D,44,11/28/2020,04:00:01,3.541,20,77327,16.08
D,45,11/28/2020,05:00:01,3.541,20,64439,15.88
D,46,11/28/2020,06:00:01,3.541,20,64439,15.88
D,47,11/28/2020,07:00:01,3.540,20,64439,15.88
D,48,11/28/2020,08:00:01,3.535,19,64439,15.88
D,49,11/28/2020,17:00:01,3.535,19,64439,15.88
D,50,11/28/2020,18:00:01,3.534,19,64439,15.88
D,51,11/28/2020,19:00:01,3.535,20,64439,15.88
D,52,11/28/2020,20:00:01,3.534,20,64439,15.88
D,53,11/28/2020,21:00:01,3.533,20,64439,15.88
D,54,11/28/2020,22:00:01,3.534,20,64439,15.88
D,55,11/28/2020,23:00:01,3.532,19,64439,15.88
D,56,11/29/2020,00:00:01,3.532,19,64439,15.88
D,57,11/29/2020,01:00:01,3.531,20,34367,-1
D,58,11/29/2020,02:00:01,3.532,20,60143,15.81
D,59,11/29/2020,03:00:01,3.531,20,73031,16.02
D,60,11/29/2020,04:00:01,3.530,19,73031,16.02
D,61,11/29/2020,05:00:01,3.531,20,64439,15.88
D,62,11/29/2020,06:00:01,3.530,20,64439,15.88
D,63,11/29/2020,07:00:01,3.532,20,77327,16.08
D,64,11/29/2020,08:00:01,3.529,19,42959,15.45
D,65,11/29/2020,17:00:01,3.526,20,64439,15.88
D,66,11/29/2020,18:00:01,3.528,20,64439,15.88
D,67,11/29/2020,19:00:01,3.526,20,68735,15.95
D,68,11/29/2020,20:00:01,3.525,20,68735,15.95
D,69,11/29/2020,21:00:01,3.524,20,68735,15.95
D,70,11/29/2020,22:00:01,3.525,19,68735,15.95
D,71,11/29/2020,23:00:01,3.525,19,34367,-1
D,72,11/30/2020,00:00:01,3.527,19,34367,-1
D,73,11/30/2020,01:00:01,3.524,20,68735,15.95
D,74,11/30/2020,02:00:01,3.524,20,68735,15.95
D,75,11/30/2020,03:00:01,3.525,20,68735,15.95
D,76,11/30/2020,04:00:01,3.524,19,68735,15.95
D,77,11/30/2020,05:00:01,3.522,20,68735,15.95
D,78,11/30/2020,06:00:01,3.522,20,68735,15.95
D,79,11/30/2020,07:00:01,3.521,20,416708,17.92
D,80,11/30/2020,08:00:01,3.521,20,403820,17.87
D,81,11/30/2020,17:00:01,3.519,20,403820,17.87
D,82,11/30/2020,18:00:01,3.520,20,356565,17.75
D,83,11/30/2020,19:00:01,3.517,20,365157,17.77
D,84,11/30/2020,20:00:01,3.519,20,352269,17.74
D,85,11/30/2020,21:00:01,3.515,20,408116,17.89
D,86,11/30/2020,22:00:01,3.516,20,356565,17.75
D,87,11/30/2020,23:00:01,3.517,19,1061103,18.93
D,88,12/01/2020,00:00:01,3.511,19,1022440,18.88
D,89,12/01/2020,01:00:01,3.513,20,1061103,18.93
D,90,12/01/2020,02:00:01,3.514,19,1022440,18.88
D,91,12/01/2020,03:00:01,3.513,19,1061103,18.93
D,92,12/01/2020,04:00:01,3.512,19,1022440,18.88
D,93,12/01/2020,05:00:01,3.513,19,1069695,18.94
D,94,12/01/2020,06:00:01,3.515,19,1048215,18.91
D,95,12/01/2020,07:00:01,3.512,19,1073991,18.94
D,96,12/01/2020,08:00:01,3.514,20,429596,17.95
D,97,12/01/2020,17:00:01,3.512,20,1005256,18.86
D,98,12/01/2020,18:00:01,3.513,20,1013848,18.87
D,99,12/01/2020,19:00:01,3.510,19,1052511,18.92
D,100,12/01/2020,20:00:01,3.510,19,1018144,18.88
D,101,12/01/2020,21:00:01,3.510,19,1013848,18.87
D,102,12/01/2020,22:00:01,3.505,20,1013848,18.87
D,103,12/01/2020,23:00:01,3.505,19,1018144,18.88
D,104,12/02/2020,00:00:01,3.510,19,1073991,18.94
D,105,12/02/2020,01:00:01,3.505,19,1151319,19.02
D,106,12/02/2020,02:00:01,3.504,19,1301678,19.17
D,107,12/02/2020,03:00:01,3.507,19,1499292,19.33
D,108,12/02/2020,04:00:01,3.505,19,1658243,19.42
D,109,12/02/2020,05:00:01,3.505,19,1744162,19.48
D,110,12/02/2020,06:00:01,3.505,19,1748458,19.48
D,111,12/02/2020,07:00:01,3.505,19,1658243,19.42
D,112,12/02/2020,08:00:01,3.505,19,1297382,19.17
D,113,12/02/2020,17:00:01,3.505,20,657282,18.41
D,114,12/02/2020,18:00:01,3.507,19,74311632,1
D,115,12/02/2020,19:00:01,3.505,19,648691,18.40
D,116,12/02/2020,20:00:01,3.505,18,83625280,1
D,117,12/02/2020,21:00:01,3.504,19,83526480,1
D,118,12/02/2020,22:00:01,3.504,18,83376112,1
D,119,12/02/2020,23:00:01,3.504,19,83552256,1
D,120,12/03/2020,00:00:01,3.504,19,86177096,1
D,121,12/03/2020,01:00:01,3.502,19,86237240,1
D,122,12/03/2020,02:00:01,3.504,19,86155616,1
D,123,12/03/2020,03:00:01,3.504,18,86267296,1
D,124,12/03/2020,04:00:01,3.504,18,86263000,1
D,125,12/03/2020,05:00:01,3.504,19,86336048,1
D,126,12/03/2020,06:00:01,3.505,19,86198576,1
D,127,12/03/2020,07:00:01,3.504,18,86301664,1
D,128,12/03/2020,08:00:01,3.504,19,631507,18.37
D,129,12/03/2020,17:00:01,3.505,20,58751640,1
D,130,12/03/2020,18:00:01,3.505,20,89759928,1
D,131,12/03/2020,19:00:01,3.505,19,89515064,1
D,132,12/03/2020,20:00:01,3.505,20,86370416,1
D,133,12/03/2020,21:00:01,3.507,19,86237240,1
D,134,12/03/2020,22:00:01,3.505,20,86293088,1
D,135,12/03/2020,23:00:01,3.504,20,86379008,1
D,136,12/04/2020,00:00:01,3.504,19,86340344,1
D,137,12/04/2020,01:00:01,3.505,19,86327456,1
D,138,12/04/2020,02:00:01,3.504,19,86374712,1
D,139,12/04/2020,03:00:01,3.505,19,86409080,1
D,140,12/04/2020,04:00:01,3.503,19,86284496,1
D,141,12/04/2020,05:00:01,3.503,19,86344640,1
D,142,12/04/2020,06:00:01,3.503,19,86310272,1
D,143,12/04/2020,07:00:01,3.503,19,86409080,1
D,144,12/04/2020,08:00:01,3.504,19,53055188,23.80
D,145,12/04/2020,17:00:01,3.502,19,22317548,22.44
D,146,12/04/2020,18:00:03,3.504,19,1643031168,1
D,147,12/04/2020,19:00:03,3.504,18,1663136128,1
D,148,12/04/2020,20:00:03,3.503,19,1654797824,1
D,149,12/04/2020,21:00:03,3.503,19,1660562944,1
D,150,12/04/2020,22:00:03,3.503,18,1660433920,1
D,151,12/04/2020,23:00:03,3.504,19,1661525248,1
D,152,12/05/2020,00:00:03,3.503,18,1663415296,1
D,153,12/05/2020,01:00:03,3.505,19,1664038400,1
D,154,12/05/2020,02:00:03,3.506,18,1656614784,1
D,155,12/05/2020,03:00:03,3.504,19,1659914368,1
D,156,12/05/2020,04:00:03,3.505,18,1661361920,1
D,157,12/05/2020,05:00:03,3.503,18,1661520768,1
D,158,12/05/2020,06:00:03,3.503,18,1662654976,1
D,159,12/05/2020,07:00:03,3.502,18,1652202880,1
D,160,12/05/2020,08:00:01,3.500,18,36511416,23.15
D,161,12/05/2020,17:00:01,3.497,18,18180530,22.17
D,162,12/05/2020,18:00:01,3.496,18,1705498,19.45
D,163,12/05/2020,19:00:01,3.499,18,1563731,19.37
D,164,12/05/2020,20:00:01,3.499,18,1808601,19.51
D,165,12/05/2020,21:00:01,3.499,18,1671130,19.43
D,166,12/05/2020,22:00:01,3.498,18,1838673,19.53
D,167,12/05/2020,23:00:14,3.513,18,-1,1
D,168,12/06/2020,00:00:15,3.518,18,-1,1
D,169,12/06/2020,01:00:15,3.520,18,-1,1
D,170,12/06/2020,02:00:14,3.520,18,-1,1
D,171,12/06/2020,03:00:39,3.515,18,-1,1
D,172,12/06/2020,04:02:14,3.473,19,-1,1
D,173,12/06/2020,05:01:56,3.481,18,-1,1
D,174,12/06/2020,06:01:19,3.497,19,-1,1
D,175,12/06/2020,07:01:21,3.495,18,-1,1
D,176,12/06/2020,08:00:01,3.528,18,62020864,1
D,177,12/06/2020,17:00:01,3.527,18,1525068,19.35
D,178,12/06/2020,18:00:01,3.527,18,1623875,19.40
D,179,12/06/2020,19:00:01,3.525,18,1761346,19.49
D,180,12/06/2020,20:00:01,3.528,18,1525068,19.35
D,181,12/06/2020,21:00:01,3.525,18,1825785,19.52
D,182,12/06/2020,22:00:01,3.524,18,1787122,19.50
D,183,12/06/2020,23:00:05,3.526,18,-192388096,1
D,184,12/07/2020,00:00:05,3.526,18,-1313528064,1
D,185,12/07/2020,01:00:37,3.527,18,-1,1
D,186,12/07/2020,02:00:07,3.526,19,-74871552,1
D,187,12/07/2020,03:00:11,3.530,18,-1,1
D,188,12/07/2020,04:00:13,3.529,18,-1,1
D,189,12/07/2020,05:00:23,3.528,19,-1,1
D,190,12/07/2020,06:00:01,3.530,18,1658243,19.42
D,191,12/07/2020,07:02:16,3.479,19,-1,1
D,192,12/07/2020,08:00:01,3.531,19,238679616,1
D,193,12/07/2020,17:00:01,3.532,18,1726978,19.47
D,194,12/07/2020,18:00:01,3.529,18,1662539,19.43
D,195,12/07/2020,19:00:01,3.528,18,1615283,19.40
D,196,12/07/2020,20:00:01,3.527,18,1494996,19.33
D,197,12/07/2020,21:00:01,3.529,18,1731274,19.47
D,198,12/07/2020,22:00:01,3.527,18,1705498,19.45
D,199,12/07/2020,23:00:01,3.527,18,1533660,19.35
D,200,12/08/2020,00:00:04,3.525,18,-1646671616,1
D,201,12/08/2020,01:00:04,3.528,18,-1202541824,1
D,202,12/08/2020,02:00:04,3.528,18,-1122744064,1
D,203,12/08/2020,03:00:05,3.530,18,-608615680,1
D,204,12/08/2020,04:00:09,3.530,18,-1,1
D,205,12/08/2020,05:00:39,3.523,18,-1,1
D,206,12/08/2020,06:01:42,3.490,18,-1,1
D,207,12/08/2020,07:01:19,3.500,19,-1,1
D,208,12/08/2020,08:00:01,3.535,19,1735570,19.47
D,209,12/08/2020,17:00:01,3.536,19,1572323,19.37
D,210,12/08/2020,18:00:01,3.537,19,1641059,19.41
D,211,12/08/2020,19:00:01,3.535,19,1911705,19.58
D,212,12/08/2020,20:00:01,3.533,19,1752754,19.48
D,213,12/08/2020,21:00:01,3.534,19,1559436,19.37
D,214,12/08/2020,22:00:01,3.536,19,1628171,19.41
D,215,12/08/2020,23:00:11,3.532,19,-1,1
D,216,12/09/2020,00:00:10,3.530,19,-1,1
D,217,12/09/2020,01:00:24,3.529,19,-1,1
D,218,12/09/2020,02:00:24,3.528,19,-1,1
D,219,12/09/2020,03:00:26,3.529,19,-1,1
D,220,12/09/2020,04:02:34,3.474,19,-1,1
D,221,12/09/2020,05:02:26,3.474,19,-1,1
D,222,12/09/2020,06:02:25,3.472,19,-1,1
D,223,12/09/2020,07:02:14,3.474,19,-1,1
D,224,12/09/2020,08:00:01,3.541,19,60504396,1
D,225,12/09/2020,17:00:01,3.541,19,1731274,19.47
D,226,12/09/2020,18:00:01,3.541,19,1580915,19.38
D,227,12/09/2020,19:00:01,3.537,18,1890225,19.56
D,228,12/09/2020,20:00:01,3.537,18,1568027,19.37
D,229,12/09/2020,21:00:01,3.537,18,1911705,19.58
D,230,12/09/2020,22:00:01,3.537,18,1714090,19.46
D,231,12/09/2020,23:00:01,3.537,18,1868745,19.55
D,232,12/10/2020,00:00:01,3.537,18,1821489,19.52
D,233,12/10/2020,01:07:13,3.456,19,-1,1
D,234,12/10/2020,02:06:29,3.459,19,-1,1
D,235,12/10/2020,03:06:26,3.457,19,-1,1
D,236,12/10/2020,04:06:24,3.458,18,-1,1
D,237,12/10/2020,05:06:56,3.459,18,-1,1
D,238,12/10/2020,06:04:23,3.463,18,-1,1
D,239,12/10/2020,07:03:30,3.467,19,-1,1
D,240,12/10/2020,08:00:01,3.550,19,1464924,19.30
D,241,12/10/2020,17:00:01,3.554,18,1452036,19.29
D,242,12/10/2020,18:00:01,3.553,19,1769938,19.49
D,243,12/10/2020,19:00:01,3.550,19,1873041,19.55
D,244,12/10/2020,20:00:01,3.552,19,1533660,19.35
D,245,12/10/2020,21:00:01,3.551,18,1855857,19.54
D,246,12/10/2020,22:00:01,3.553,19,1636763,19.41
D,247,12/10/2020,23:00:01,3.552,19,1606691,19.39
D,248,12/11/2020,00:00:01,3.550,19,1847265,19.54
D,249,12/11/2020,01:00:01,3.550,18,1653947,19.42
D,250,12/11/2020,02:00:01,3.550,18,1589507,19.38
D,251,12/11/2020,03:00:01,3.551,18,1851561,19.54
D,252,12/11/2020,04:00:01,3.550,19,1688315,19.44
D,253,12/11/2020,05:00:01,3.548,18,1726978,19.47
D,254,12/11/2020,06:00:01,3.550,19,1718386,19.46
D,255,12/11/2020,07:00:01,3.549,19,1503588,19.33
D,256,12/11/2020,08:00:01,3.549,19,1421965,19.27
D,257,12/11/2020,17:00:01,3.550,19,1507884,19.34
D,258,12/11/2020,18:00:01,3.548,20,1817194,19.52
D,259,12/11/2020,19:00:01,3.548,19,1726978,19.47
D,260,12/11/2020,20:00:01,3.547,19,1542252,19.36
D,261,12/11/2020,21:00:01,3.548,20,1641059,19.41
D,262,12/11/2020,22:00:05,3.543,19,-1002727424,1
D,263,12/11/2020,23:00:04,3.547,19,-1529765120,1
D,264,12/12/2020,00:00:08,3.545,19,-1,1
D,265,12/12/2020,01:00:07,3.543,20,-1,1
D,266,12/12/2020,02:00:07,3.542,19,-1,1
D,267,12/12/2020,03:00:07,3.538,19,-1,1
D,268,12/12/2020,04:00:08,3.543,19,-1,1
D,269,12/12/2020,05:00:08,3.537,19,-1,1
D,270,12/12/2020,06:00:08,3.537,19,-1,1
D,271,12/12/2020,07:00:08,3.537,19,-1,1
D,272,12/12/2020,08:00:02,3.544,19,325737376,1
D,273,12/12/2020,17:00:01,3.541,19,1572323,19.37
D,274,12/12/2020,18:00:01,3.537,19,1916001,19.58
D,275,12/12/2020,19:00:01,3.537,18,1525068,19.35
D,276,12/12/2020,20:00:01,3.537,18,1636763,19.41
D,277,12/12/2020,21:00:01,3.537,18,1868745,19.55
D,278,12/12/2020,22:00:01,3.538,18,1769938,19.49
D,279,12/12/2020,23:00:01,3.537,18,1838673,19.53
D,280,12/13/2020,00:00:01,3.537,19,1529364,19.35
D,281,12/13/2020,01:00:08,3.533,18,-1,1
D,282,12/13/2020,02:00:08,3.535,18,-1,1
D,283,12/13/2020,03:00:08,3.533,18,-1,1
D,284,12/13/2020,04:00:08,3.534,18,-1,1
D,285,12/13/2020,05:00:08,3.535,18,-1,1
D,286,12/13/2020,06:00:08,3.534,18,-1,1
D,287,12/13/2020,07:00:08,3.533,18,-1,1
D,288,12/13/2020,08:00:01,3.537,19,117546240,1
D,289,12/13/2020,17:00:01,3.536,18,28250274,22.76
D,290,12/13/2020,18:00:01,3.534,18,1542251,19.36
D,291,12/13/2020,19:00:01,3.533,18,1873041,19.55
D,292,12/13/2020,20:00:01,3.534,18,1593803,19.39
D,293,12/13/2020,21:00:01,3.536,18,1653947,19.42
D,294,12/13/2020,22:00:01,3.533,18,1645355,19.42
D,295,12/13/2020,23:00:03,3.531,18,2108683648,1
D,296,12/14/2020,00:00:04,3.533,18,-1925840640,1
D,297,12/14/2020,01:00:03,3.531,18,1954016000,1
D,298,12/14/2020,02:00:04,3.531,18,-1992037120,1
D,299,12/14/2020,03:00:04,3.531,18,-867228672,1
D,300,12/14/2020,04:00:04,3.531,18,-1393218304,1
D,301,12/14/2020,05:00:07,3.530,18,-1,1
D,302,12/14/2020,06:00:07,3.532,19,-1,1
D,303,12/14/2020,07:00:07,3.529,18,-1,1
D,304,12/14/2020,08:00:02,3.531,18,376373920,1
D,305,12/14/2020,17:00:01,3.531,18,1370413,19.23
D,306,12/14/2020,18:00:01,3.532,18,1903113,19.57
D,307,12/14/2020,19:00:01,3.529,18,1529364,19.35
D,308,12/14/2020,20:00:01,3.532,18,1572323,19.37
D,309,12/14/2020,21:00:01,3.528,18,1817193,19.52
D,310,12/14/2020,22:00:01,3.531,18,1662539,19.43
D,311,12/14/2020,23:00:03,3.527,18,2040111488,1
D,312,12/15/2020,00:00:03,3.529,18,1761659776,1
D,313,12/15/2020,01:00:04,3.527,18,-1846885120,1
D,314,12/15/2020,02:00:04,3.526,18,-1879083264,1
D,315,12/15/2020,03:00:05,3.526,18,-440299776,1
D,316,12/15/2020,04:00:05,3.528,18,-678343680,1
D,317,12/15/2020,05:00:05,3.526,18,-633927680,1
D,318,12/15/2020,06:00:05,3.524,18,-653401344,1
D,319,12/15/2020,07:00:05,3.525,19,-652472832,1
D,320,12/15/2020,08:00:01,3.528,18,90266848,1
D,321,12/15/2020,17:00:01,3.524,18,1757050,19.48
D,322,12/15/2020,18:00:01,3.526,18,1537956,19.35
D,323,12/15/2020,19:00:01,3.523,18,1580915,19.38
D,324,12/15/2020,20:00:01,3.523,18,1894521,19.57
D,325,12/15/2020,21:00:01,3.523,18,1679722,19.44
D,326,12/15/2020,22:00:01,3.523,18,1507884,19.34
D,327,12/15/2020,23:00:01,3.521,18,1671130,19.43
D,328,12/16/2020,00:00:01,3.524,19,1757050,19.48
D,329,12/16/2020,01:00:08,3.523,18,-1,1
D,330,12/16/2020,02:00:07,3.523,18,-1,1
D,331,12/16/2020,03:00:09,3.522,18,-1,1
D,332,12/16/2020,04:00:14,3.524,19,-1,1
D,333,12/16/2020,05:00:09,3.524,18,-1,1
D,334,12/16/2020,06:01:00,3.505,19,-1,1
D,335,12/16/2020,07:00:58,3.504,19,-1,1
D,336,12/16/2020,08:00:01,3.526,18,98712712,1
D,337,12/16/2020,17:00:01,3.526,19,1731274,19.47
D,338,12/16/2020,18:00:01,3.527,19,1748458,19.48
D,339,12/16/2020,19:00:01,3.525,19,1542252,19.36
D,340,12/16/2020,20:00:01,3.525,18,65874348,1
D,341,12/16/2020,21:00:01,3.525,18,65762652,1
D,342,12/16/2020,22:00:08,3.521,18,-1,1
D,343,12/16/2020,23:00:19,3.522,18,-1,1
D,344,12/17/2020,00:00:09,3.525,18,-1,1
D,345,12/17/2020,01:00:07,3.522,18,-1,1
D,346,12/17/2020,02:00:09,3.522,19,-1,1
D,347,12/17/2020,03:02:00,3.482,18,-1,1
D,348,12/17/2020,04:01:36,3.489,19,-1,1
D,349,12/17/2020,05:01:35,3.485,18,-1,1
D,350,12/17/2020,06:01:34,3.489,18,-1,1
D,351,12/17/2020,07:01:39,3.486,19,-1,1
D,352,12/17/2020,08:00:02,3.532,18,730043648,1
D,353,12/17/2020,17:00:01,3.535,19,1812898,19.52
D,354,12/17/2020,18:00:01,3.534,19,1636763,19.41
D,355,12/17/2020,19:00:01,3.534,19,1808602,19.51
D,356,12/17/2020,20:00:01,3.535,19,1486404,19.32
D,357,12/17/2020,21:00:01,3.533,18,1645355,19.42
D,358,12/17/2020,22:00:01,3.532,18,1696906,19.45
D,359,12/17/2020,23:00:01,3.533,19,1804306,19.51
D,360,12/18/2020,00:00:01,3.532,18,1671130,19.43
D,361,12/18/2020,01:00:04,3.531,18,-798892800,1
D,362,12/18/2020,02:00:05,3.531,19,-505099776,1
D,363,12/18/2020,03:00:04,3.529,18,-1768423680,1
D,364,12/18/2020,04:00:04,3.529,19,-1410453248,1
D,365,12/18/2020,05:00:08,3.529,18,-1,1
D,366,12/18/2020,06:00:07,3.526,18,-1,1
D,367,12/18/2020,07:00:08,3.526,18,-1,1
D,368,12/18/2020,08:00:01,3.531,18,89940352,1
D,369,12/18/2020,17:00:01,3.529,19,1417669,19.27
D,370,12/18/2020,18:00:01,3.527,18,1649651,19.42
D,371,12/18/2020,19:00:01,3.527,19,1649651,19.42
D,372,12/18/2020,20:00:01,3.527,18,1529364,19.35
D,373,12/18/2020,21:00:01,3.529,18,1546547,19.36
D,374,12/18/2020,22:00:06,3.523,19,-1,1
D,375,12/18/2020,23:00:03,3.528,19,1846775936,1
D,376,12/19/2020,00:00:04,3.525,18,-1994937088,1
D,377,12/19/2020,01:00:05,3.526,18,-742529536,1
D,378,12/19/2020,02:00:10,3.526,18,-1,1
D,379,12/19/2020,03:00:12,3.525,19,-1,1
D,380,12/19/2020,04:00:26,3.524,18,-1,1
D,381,12/19/2020,05:00:22,3.522,18,-1,1
D,382,12/19/2020,06:00:23,3.527,18,-1,1
D,383,12/19/2020,07:00:07,3.527,18,-1,1
D,384,12/19/2020,08:00:02,3.530,19,447283168,1
D,385,12/19/2020,17:00:01,3.530,19,1593803,19.39
D,386,12/19/2020,18:00:01,3.525,19,1645355,19.42
D,387,12/19/2020,19:00:01,3.526,19,1769938,19.49
D,388,12/19/2020,20:00:01,3.529,19,40575408,23.31
D,389,12/19/2020,21:00:01,3.526,19,1619579,19.40
D,390,12/19/2020,22:00:01,3.526,19,1520772,19.34
D,391,12/19/2020,23:00:05,3.527,19,-892020224,1
D,392,12/20/2020,00:00:04,3.524,19,-1298680832,1
D,393,12/20/2020,01:00:05,3.524,18,-1,1
D,394,12/20/2020,02:00:05,3.524,19,-279058944,1
D,395,12/20/2020,03:00:05,3.525,19,-1,1
D,396,12/20/2020,04:00:05,3.525,19,-4782848,1
D,397,12/20/2020,05:00:05,3.523,19,-465834496,1
D,398,12/20/2020,06:00:08,3.525,19,-1,1
D,399,12/20/2020,07:00:08,3.527,19,-1,1
D,400,12/20/2020,08:00:02,3.526,19,429338912,1
D,401,12/20/2020,17:00:01,3.525,19,1555140,19.36
D,402,12/20/2020,18:00:01,3.523,19,1533660,19.35
D,403,12/20/2020,19:00:01,3.524,19,1598099,19.39
D,404,12/20/2020,20:00:01,3.520,18,1563731,19.37
D,405,12/20/2020,21:00:01,3.519,18,1529364,19.35
D,406,12/20/2020,22:00:01,3.518,18,1709794,19.46
D,407,12/20/2020,23:00:01,3.521,18,1615283,19.40
D,408,12/21/2020,00:00:08,3.519,18,-1,1
D,409,12/21/2020,01:00:07,3.520,18,-1,1
D,410,12/21/2020,02:00:08,3.521,18,-1,1
D,411,12/21/2020,03:00:09,3.523,19,-1,1
D,412,12/21/2020,04:01:33,3.490,19,-1,1
D,413,12/21/2020,05:01:16,3.496,19,-1,1
D,414,12/21/2020,06:01:25,3.494,19,-1,1
D,415,12/21/2020,07:01:17,3.495,18,-1,1
D,416,12/21/2020,08:00:02,3.533,18,401251840,1
D,417,12/21/2020,17:00:01,3.530,18,51551,15.64
D,418,12/21/2020,18:00:01,3.529,18,68735,15.95
D,419,12/21/2020,19:00:01,3.530,18,64439,15.88
D,420,12/21/2020,20:00:01,3.528,18,38663,15.34
D,421,12/21/2020,21:00:01,3.527,18,51551,15.64
D,422,12/21/2020,22:00:01,3.526,18,38663,15.34
D,423,12/21/2020,23:00:01,3.526,18,42959,15.45
D,424,12/22/2020,00:00:01,3.526,18,47255,15.55
D,425,12/22/2020,01:00:01,3.526,17,64439,15.88
D,426,12/22/2020,02:00:01,3.525,18,42959,15.45
D,427,12/22/2020,03:00:01,3.526,18,47255,15.55
D,428,12/22/2020,04:00:01,3.525,18,38663,15.34
D,429,12/22/2020,05:00:01,3.525,18,30028804,22.85
D,430,12/22/2020,06:00:01,3.522,18,26299906,22.66
D,431,12/22/2020,07:00:01,3.525,18,26115180,22.65
D,432,12/22/2020,08:00:01,3.519,18,12338015,21.69
D,433,12/22/2020,17:00:01,3.524,18,3389517,20.21
D,434,12/22/2020,18:00:01,3.521,18,8527493,21.26
D,435,12/22/2020,19:00:01,3.520,18,8441574,21.25
D,436,12/22/2020,20:00:01,3.519,17,8424389,21.25
D,437,12/22/2020,21:00:01,3.516,17,8488828,21.26
D,438,12/22/2020,22:00:01,3.516,17,8506012,21.26
D,439,12/22/2020,23:00:01,3.516,17,8875465,21.31
D,440,12/23/2020,00:00:01,3.516,17,8896945,21.31
D,441,12/23/2020,01:00:01,3.516,17,8845394,21.30
D,442,12/23/2020,02:00:01,3.515,17,8896945,21.31
D,443,12/23/2020,03:00:01,3.516,17,8815322,21.30
D,444,12/23/2020,04:00:01,3.521,17,8866873,21.30
D,445,12/23/2020,05:00:01,3.518,18,8896946,21.31
D,446,12/23/2020,06:00:01,3.519,18,60143,15.81
D,447,12/23/2020,07:00:01,3.518,18,12587181,21.72
D,448,12/23/2020,08:00:01,3.519,17,7303142,21.08
D,449,12/23/2020,17:00:01,3.519,18,8780955,21.29
D,450,12/23/2020,18:00:01,3.517,18,11874051,21.65
D,451,12/23/2020,19:00:01,3.517,18,8544677,21.26
D,452,12/23/2020,20:00:01,3.517,17,38663,15.34
D,453,12/23/2020,21:00:01,3.518,18,38663,15.34
D,454,12/23/2020,22:00:01,3.518,18,68735,15.95
D,455,12/23/2020,23:00:01,3.518,18,51551,15.64
D,456,12/24/2020,00:00:01,3.517,18,9399574,21.37
D,457,12/24/2020,01:00:01,3.516,18,9399574,21.37
D,458,12/24/2020,02:00:01,3.516,18,9386686,21.37
D,459,12/24/2020,03:00:01,3.517,17,9378093,21.37
D,460,12/24/2020,04:00:01,3.518,17,9360910,21.36
D,461,12/24/2020,05:00:01,3.515,17,9373797,21.37
D,462,12/24/2020,06:00:01,3.514,17,9365205,21.37
D,463,12/24/2020,07:00:01,3.514,17,9343726,21.36
D,464,12/24/2020,08:00:01,3.510,17,8570452,21.27
D,465,12/24/2020,17:00:01,3.504,16,5571867,20.77
D,466,12/24/2020,18:00:01,3.503,16,8931313,21.31
D,467,12/24/2020,19:00:01,3.503,16,8927017,21.31
D,468,12/24/2020,20:00:01,3.502,16,8927017,21.31
D,469,12/24/2020,21:00:01,3.502,16,25887490,22.64
D,470,12/24/2020,22:00:01,3.501,16,25947634,22.64
D,471,12/24/2020,23:00:01,3.502,16,25951930,22.64
D,472,12/25/2020,00:00:01,3.504,15,25981998,22.64
D,473,12/25/2020,01:00:01,3.504,16,25956226,22.64
D,474,12/25/2020,02:00:01,3.503,16,26016370,22.64
D,475,12/25/2020,03:00:01,3.502,16,25982002,22.64
D,476,12/25/2020,04:00:01,3.503,16,25986298,22.64
D,477,12/25/2020,05:00:01,3.504,16,26012074,22.64
D,478,12/25/2020,06:00:01,3.503,16,25973410,22.64
D,479,12/25/2020,07:00:01,3.504,16,25973410,22.64
D,480,12/25/2020,08:00:01,3.506,16,13777162,21.82
D,481,12/25/2020,17:00:01,3.500,16,6877841,21.01
D,482,12/25/2020,18:00:01,3.503,16,22596780,22.45
D,483,12/25/2020,19:00:01,3.503,16,22596780,22.45
D,484,12/25/2020,20:00:01,3.501,16,25264574,22.60
D,485,12/25/2020,21:00:01,3.503,16,25251688,22.60
D,486,12/25/2020,22:00:01,3.500,15,22472194,22.45
D,487,12/25/2020,23:00:01,3.501,15,22536634,22.45
D,488,12/26/2020,00:00:01,3.500,16,25797274,22.63
D,489,12/26/2020,01:00:01,3.500,16,25758612,22.63
D,490,12/26/2020,02:00:01,3.502,16,25810162,22.63
D,491,12/26/2020,03:00:01,3.500,16,25818754,22.63
D,492,12/26/2020,04:00:01,3.501,16,25823050,22.63
D,493,12/26/2020,05:00:01,3.502,16,25784386,22.63
D,494,12/26/2020,06:00:01,3.502,16,25797274,22.63
D,495,12/26/2020,07:00:01,3.502,16,25810162,22.63
D,496,12/26/2020,08:00:01,3.503,16,13192911,21.77
D,497,12/26/2020,17:00:01,3.504,17,60143,15.81
D,498,12/26/2020,18:00:01,3.505,17,42959,15.45
D,499,12/26/2020,19:00:01,3.505,16,64439,15.88
D,500,12/26/2020,20:00:01,3.503,17,64439,15.88
D,501,12/26/2020,21:00:01,3.504,16,55847,15.72
D,502,12/26/2020,22:00:01,3.502,16,8398613,21.24
D,503,12/26/2020,23:00:01,3.501,16,8544676,21.26
D,504,12/27/2020,00:00:01,3.500,16,8531788,21.26
D,505,12/27/2020,01:00:01,3.500,16,8544676,21.26
D,506,12/27/2020,02:00:01,3.501,16,8553268,21.26
D,507,12/27/2020,03:00:01,3.501,16,8548972,21.26
D,508,12/27/2020,04:00:01,3.501,16,8596228,21.27
D,509,12/27/2020,05:00:01,3.501,16,8579044,21.27
D,510,12/27/2020,06:00:01,3.505,16,8591932,21.27
D,511,12/27/2020,07:00:01,3.503,16,8548972,21.26
D,512,12/27/2020,08:00:01,3.504,17,6744666,20.99
D,513,12/27/2020,17:00:01,3.509,18,3862073,20.36
D,514,12/27/2020,18:00:01,3.509,18,5915545,20.84
D,515,12/27/2020,19:00:01,3.510,18,38663,15.34
D,516,12/27/2020,20:00:01,3.505,18,5241079,20.70
D,517,12/27/2020,21:00:01,3.512,18,5258263,20.70
D,518,12/27/2020,22:00:01,3.510,18,5176639,20.69
D,519,12/27/2020,23:00:01,3.511,18,5185231,20.69
D,520,12/28/2020,00:00:01,3.511,18,5142271,20.68
D,521,12/28/2020,01:00:01,3.510,18,5176639,20.69
D,522,12/28/2020,02:00:01,3.507,18,5193823,20.69
D,523,12/28/2020,03:00:01,3.505,18,5103608,20.67
D,524,12/28/2020,04:00:01,3.507,17,5133679,20.68
D,525,12/28/2020,05:00:01,3.505,18,5163751,20.68
D,526,12/28/2020,06:00:01,3.505,18,5107904,20.67
D,527,12/28/2020,07:00:01,3.505,18,5120792,20.67
D,528,12/28/2020,08:00:01,3.505,17,4957544,20.64
D,529,12/28/2020,17:00:01,3.505,19,1469220,19.31
D,530,12/28/2020,18:00:01,3.512,19,244870,17.35
D,531,12/28/2020,19:00:01,3.509,18,244870,17.35
D,532,12/28/2020,20:00:01,3.505,18,6564236,20.96
D,533,12/28/2020,21:00:01,3.505,19,6173304,20.89
D,534,12/28/2020,22:00:01,3.505,19,6276407,20.91
D,535,12/28/2020,23:00:01,3.505,18,6216263,20.90
D,536,12/29/2020,00:00:01,3.504,18,6220559,20.90
D,537,12/29/2020,01:00:01,3.504,18,6250631,20.90
D,538,12/29/2020,02:00:01,3.505,18,6207671,20.89
D,539,12/29/2020,03:00:01,3.504,18,6233447,20.90
D,540,12/29/2020,04:00:01,3.503,18,6254927,20.90
D,541,12/29/2020,05:00:01,3.505,18,6224855,20.90
D,542,12/29/2020,06:00:01,3.504,18,6242039,20.90
D,543,12/29/2020,07:00:01,3.506,18,6220559,20.90
D,544,12/29/2020,08:00:01,3.507,18,6061608,20.87
D,547,12/29/2020,17:00:01,3.422,3,0,-1
D,548,12/29/2020,18:00:01,3.422,1,2705,-1
D,549,12/29/2020,19:00:03,3.445,1,331415,17.66
D,550,12/29/2020,20:00:02,3.436,-1,123750,16.59
D,551,12/29/2020,21:00:02,3.441,0,173009,16.97
D,552,12/29/2020,22:00:01,3.429,0,49500,15.60
D,553,12/29/2020,23:00:01,3.415,-2,12376,-1
D,554,12/30/2020,00:00:01,3.415,-2,5971,-1
D,555,12/30/2020,01:00:01,3.414,-2,7753,-1
D,556,12/30/2020,02:00:01,3.419,-1,30310,-1
D,557,12/30/2020,03:00:01,3.417,-1,7705,-1
D,558,12/30/2020,04:00:01,3.418,-2,53456,15.68
D,559,12/30/2020,05:00:02,3.431,-1,113344,16.50
D,560,12/30/2020,06:00:03,3.443,-1,318284,17.61
D,561,12/30/2020,07:00:02,3.445,2,252444,17.38
D,562,12/30/2020,08:00:01,3.425,5,64,-1
D,563,12/30/2020,17:00:01,3.438,7,10,-1
D,564,12/30/2020,18:00:01,3.430,5,6062,-1
D,565,12/30/2020,19:00:06,3.476,3,1148104,19.02
D,566,12/30/2020,20:00:03,3.461,2,443936,17.99
D,567,12/30/2020,21:00:04,3.455,2,529353,18.18
D,568,12/30/2020,22:00:03,3.447,0,390429,17.83
D,569,12/30/2020,23:00:03,3.445,0,339753,17.69
D,570,12/31/2020,00:00:02,3.438,1,254914,17.39
D,571,12/31/2020,01:00:02,3.438,1,225804,17.24
D,572,12/31/2020,02:00:02,3.431,0,148392,16.81
D,573,12/31/2020,03:00:02,3.433,0,167738,16.94
D,574,12/31/2020,04:00:03,3.439,0,289134,17.53
D,575,12/31/2020,05:00:02,3.433,-1,221418,17.21
D,576,12/31/2020,06:00:03,3.437,-1,299459,17.56
D,577,12/31/2020,07:00:03,3.438,-1,326332,17.64
D,578,12/31/2020,08:00:01,3.404,-2,43,-1
D,579,12/31/2020,17:00:01,3.396,-1,7,-1
D,580,12/31/2020,18:00:01,3.400,-2,1350,-1
D,581,12/31/2020,19:00:19,3.472,-3,3535599,20.26
D,582,12/31/2020,20:00:04,3.438,-3,631839,18.37
D,583,12/31/2020,21:00:02,3.423,-4,289489,17.54
D,584,12/31/2020,22:00:02,3.415,-3,214082,17.17
D,585,12/31/2020,23:00:02,3.413,-3,121884,16.58
D,586,01/01/2021,00:00:02,3.417,-1,141860,16.75
D,587,01/01/2021,01:00:02,3.427,-1,210478,17.15
D,588,01/01/2021,02:00:02,3.425,-1,219058,17.20
D,589,01/01/2021,03:00:02,3.422,0,169121,16.95
D,590,01/01/2021,04:00:02,3.432,0,258767,17.41
D,591,01/01/2021,05:00:03,3.437,0,327845,17.64
D,592,01/01/2021,06:00:04,3.446,0,719891,18.50
D,593,01/01/2021,07:00:03,3.442,0,447217,18.00
D,594,01/01/2021,08:00:01,3.409,0,89,-1
D,595,01/01/2021,17:00:01,3.431,5,8,-1
D,596,01/01/2021,18:00:01,3.431,4,5421,-1
D,597,01/01/2021,19:00:36,3.489,5,7739113,21.15
D,598,01/01/2021,20:00:38,3.476,5,7650505,21.13
D,599,01/01/2021,21:00:10,3.474,5,2145999,19.71
D,600,01/01/2021,22:00:06,3.469,5,1226307,19.10
D,601,01/01/2021,23:00:03,3.451,4,361316,17.76
D,602,01/02/2021,00:00:02,3.438,3,129063,16.64
D,603,01/02/2021,01:00:03,3.447,2,299092,17.56
D,604,01/02/2021,02:00:02,3.443,2,267995,17.45
D,605,01/02/2021,03:00:02,3.442,2,224898,17.23
D,606,01/02/2021,04:00:02,3.434,1,166968,16.94
D,607,01/02/2021,05:00:02,3.436,1,191603,17.06
D,608,01/02/2021,06:00:02,3.442,1,262949,17.43
D,609,01/02/2021,07:00:03,3.445,1,399624,17.86
D,610,01/02/2021,08:00:01,3.426,1,61,-1
D,611,01/02/2021,17:00:01,3.431,2,7,-1
D,612,01/02/2021,18:00:01,3.425,2,985,-1
D,613,01/02/2021,19:00:17,3.484,1,3631596,20.29
D,614,01/02/2021,20:00:21,3.478,2,4088464,20.42
D,615,01/02/2021,21:00:34,3.474,1,6710247,20.98
D,616,01/02/2021,22:00:14,3.470,2,2683224,19.96
D,617,01/02/2021,23:00:04,3.442,2,597573,18.31
D,618,01/03/2021,00:00:04,3.446,2,654309,18.41
D,619,01/03/2021,01:00:02,3.440,1,246582,17.36
D,620,01/03/2021,02:00:03,3.445,2,452114,18.01
D,621,01/03/2021,03:00:02,3.441,2,237436,17.32
D,622,01/03/2021,04:00:02,3.439,2,118047,16.55
D,623,01/03/2021,05:00:02,3.439,1,134552,16.69
D,624,01/03/2021,06:00:02,3.434,1,114455,16.51
D,625,01/03/2021,07:00:02,3.437,1,148637,16.81
D,626,01/03/2021,08:00:01,3.430,1,44,-1
D,627,01/03/2021,17:00:01,3.528,18,1787,-1
D,628,01/03/2021,18:00:01,3.529,17,3173,-1
D,629,01/03/2021,19:00:01,3.529,17,3173,-1
D,630,01/03/2021,20:00:01,3.528,17,3172,-1
D,631,01/03/2021,21:00:01,3.527,16,3173,-1
D,632,01/03/2021,22:00:01,3.527,17,3160,-1
D,633,01/03/2021,23:00:01,3.528,17,3169,-1
D,634,01/04/2021,00:00:01,3.527,16,3169,-1
D,635,01/04/2021,01:00:01,3.527,17,3160,-1
D,636,01/04/2021,02:00:01,3.526,16,3161,-1
D,637,01/04/2021,03:00:01,3.527,17,3158,-1
D,638,01/04/2021,04:00:01,3.524,16,3158,-1
D,639,01/04/2021,05:00:01,3.526,17,3160,-1
D,640,01/04/2021,06:00:01,3.524,17,3124,-1
D,641,01/04/2021,07:00:01,3.525,17,3121,-1
D,642,01/04/2021,08:00:01,3.525,16,2327,-1
D,643,01/04/2021,17:00:01,3.528,18,14,-1
D,644,01/04/2021,18:00:01,3.529,18,10,-1
D,645,01/04/2021,19:00:01,3.528,17,8,-1
D,646,01/04/2021,20:00:01,3.525,17,11,-1
D,647,01/04/2021,21:00:01,3.527,17,8,-1
D,648,01/04/2021,22:00:01,3.525,17,11,-1
D,649,01/04/2021,23:00:01,3.525,17,14,-1
D,650,01/05/2021,00:00:01,3.525,17,13,-1
D,651,01/05/2021,01:00:01,3.525,17,8,-1
D,652,01/05/2021,02:00:01,3.525,17,15,-1
D,653,01/05/2021,03:00:01,3.524,18,10,-1
D,654,01/05/2021,04:00:01,3.525,18,11,-1
D,655,01/05/2021,05:00:01,3.526,17,13,-1
D,656,01/05/2021,06:00:01,3.525,18,11,-1
D,657,01/05/2021,07:00:01,3.526,17,8,-1
D,658,01/05/2021,08:00:01,3.524,17,9,-1
D,659,01/05/2021,17:00:01,3.524,18,9,-1
D,660,01/05/2021,18:00:01,3.523,18,8,-1
D,661,01/05/2021,19:00:01,3.523,17,14,-1
D,662,01/05/2021,20:00:01,3.521,18,11,-1
D,663,01/05/2021,21:00:01,3.521,17,8,-1
D,664,01/05/2021,22:00:01,3.522,17,13160,-1
D,665,01/05/2021,23:00:01,3.517,17,13152,-1
D,666,01/06/2021,00:00:01,3.517,17,13182,-1
D,667,01/06/2021,01:00:01,3.521,17,13153,-1
D,668,01/06/2021,02:00:01,3.516,17,13069,-1
D,669,01/06/2021,03:00:01,3.518,17,13132,-1
D,670,01/06/2021,04:00:01,3.515,17,13128,-1
D,671,01/06/2021,05:00:01,3.516,17,13130,-1
D,672,01/06/2021,06:00:01,3.517,17,13143,-1
D,673,01/06/2021,07:00:01,3.516,17,13144,-1
D,674,01/06/2021,08:00:01,3.518,17,7879,-1
D,675,01/06/2021,17:00:01,3.523,17,8,-1
D,676,01/06/2021,18:00:01,3.518,18,102,-1
D,677,01/06/2021,19:00:01,3.520,17,11,-1
D,678,01/06/2021,20:00:01,3.515,17,10,-1
D,679,01/06/2021,21:00:01,3.515,17,8,-1
D,680,01/06/2021,22:00:01,3.513,16,9,-1
D,681,01/06/2021,23:00:01,3.514,16,13,-1
D,682,01/07/2021,00:00:01,3.514,16,12,-1
D,683,01/07/2021,01:00:01,3.514,16,9,-1
D,684,01/07/2021,02:00:01,3.513,17,13,-1
D,685,01/07/2021,03:00:01,3.514,16,13,-1
D,686,01/07/2021,04:00:01,3.513,17,14,-1
D,687,01/07/2021,05:00:01,3.513,17,9,-1
D,688,01/07/2021,06:00:01,3.514,17,8,-1
D,689,01/07/2021,07:00:01,3.515,17,8,-1
D,690,01/07/2021,08:00:01,3.515,17,14,-1
